Time,OverstimulationLevel,AdaptedLevel,AdaptationMultiplier,HeadRotationSpeed,DiscomfortLevel,ActiveTriggers
0.101,0.0000,0.0000,0.9884,1191.42,1.0000,0
0.212,0.0000,0.0000,0.9731,687.80,1.0000,0
0.332,0.0000,0.0000,0.9481,438.76,1.0000,0
0.439,0.0000,0.0000,0.9329,324.67,1.0000,0
0.554,0.0000,0.0000,0.9208,271.85,1.0000,0
0.675,0.0000,0.0000,0.9042,212.75,1.0000,0
0.786,0.0000,0.0000,0.8937,181.23,1.0000,0
0.910,0.0000,0.0000,0.8829,153.74,1.0000,0
1.021,0.0000,0.0000,0.8737,136.66,1.0000,0
1.149,0.0000,0.0000,0.8651,119.99,1.0000,0
1.270,0.0000,0.0000,0.8571,107.11,1.0000,0
1.378,0.0000,0.0000,0.8513,98.54,1.0000,0
1.499,0.0000,0.0000,0.8452,89.58,0.9931,0
1.606,0.0000,0.0000,0.8427,83.51,0.8919,0
1.732,0.0000,0.0000,0.8449,77.20,0.7867,0
1.832,0.0000,0.0000,0.8502,72.90,0.7151,0
1.934,0.0000,0.0000,0.8572,69.08,0.6514,0
2.051,0.0000,0.0000,0.8734,3.63,0.0000,0
2.158,0.0000,0.0000,0.9037,3.43,0.0000,0
2.258,0.0000,0.0000,0.9341,3.10,0.0000,0
2.380,0.0000,0.0000,0.9641,3.31,0.0000,0
2.497,0.0000,0.0000,0.9927,2.73,0.0000,0
2.600,0.0000,0.0000,1.0104,2.97,0.0000,0
2.720,0.0000,0.0000,1.0342,3.64,0.0000,0
2.840,0.0000,0.0000,1.0524,5.79,0.0000,0
2.957,0.0000,0.0000,1.0697,7.59,0.0000,0
3.073,0.0000,0.0000,1.0838,8.60,0.0000,0
3.186,0.0000,0.0000,1.0966,8.92,0.0000,0
3.303,0.0000,0.0000,1.1079,9.04,0.0000,0
3.417,0.0000,0.0000,1.1179,9.02,0.0000,0
3.525,0.0000,0.0000,1.1267,9.12,0.0000,0
3.639,0.0000,0.0000,1.1347,9.21,0.0000,0
3.747,0.0000,0.0000,1.1415,9.15,0.0000,0
3.859,0.0000,0.0000,1.1477,9.05,0.0000,0
3.968,0.0000,0.0000,1.1530,9.09,0.0000,0
4.076,0.0000,0.0000,1.1580,8.66,0.0000,0
4.190,0.0000,0.0000,1.1625,8.26,0.0000,0
4.296,0.0000,0.0000,1.1664,9.33,0.0000,0
4.409,0.0000,0.0000,1.1700,9.36,0.0000,0
4.519,0.0000,0.0000,1.1731,9.43,0.0000,0
4.625,0.0000,0.0000,1.1759,9.07,0.0000,0
4.739,0.0000,0.0000,1.1785,8.51,0.0000,0
4.848,0.0000,0.0000,1.1807,6.64,0.0000,0
4.954,0.0000,0.0000,1.1827,4.93,0.0000,0
5.065,0.0000,0.0000,1.1845,4.74,0.0000,0
5.172,0.0000,0.0000,1.1862,4.44,0.0000,0
5.283,0.0000,0.0000,1.1876,4.73,0.0000,0
5.389,0.0000,0.0000,1.1889,5.03,0.0000,0
5.493,0.0000,0.0000,1.1900,5.03,0.0000,0
5.604,0.0000,0.0000,1.1910,5.21,0.0000,0
5.708,0.0000,0.0000,1.1919,5.63,0.0000,0
5.816,0.0000,0.0000,1.1928,5.81,0.0000,0
5.920,0.0000,0.0000,1.1935,5.43,0.0000,0
6.032,0.0000,0.0000,1.1942,5.28,0.0000,0
6.140,0.0000,0.0000,1.1948,5.28,0.0000,0
6.244,0.0000,0.0000,1.1953,5.11,0.0000,0
6.352,0.0000,0.0000,1.1958,4.23,0.0000,0
6.458,0.0000,0.0000,1.1962,3.95,0.0000,0
6.560,0.0000,0.0000,1.1966,3.83,0.0000,0
6.664,0.0000,0.0000,1.1969,3.81,0.0000,0
6.772,0.0000,0.0000,1.1972,3.96,0.0000,0
6.873,0.0000,0.0000,1.1975,4.16,0.0000,0
6.981,0.0000,0.0000,1.1978,4.25,0.0000,0
7.083,0.0000,0.0000,1.1980,3.61,0.0000,0
7.188,0.0000,0.0000,1.1982,3.58,0.0000,0
7.290,0.0000,0.0000,1.1984,3.12,0.0000,0
7.395,0.0000,0.0000,1.1985,2.81,0.0000,0
7.498,0.0000,0.0000,1.1987,2.94,0.0000,0
7.615,0.0000,0.0000,1.1988,2.71,0.0000,0
7.716,0.0000,0.0000,1.1989,2.71,0.0000,0
7.829,0.0000,0.0000,1.1991,3.27,0.0000,0
7.942,0.0000,0.0000,1.1992,3.27,0.0000,0
8.055,0.0000,0.0000,1.1993,3.41,0.0000,0
8.167,0.0000,0.0000,1.1993,3.53,0.0000,0
8.279,0.0000,0.0000,1.1994,3.27,0.0000,0
8.391,0.0000,0.0000,1.1995,3.66,0.0000,0
8.507,0.0000,0.0000,1.1995,3.62,0.0000,0
8.617,0.0000,0.0000,1.1996,4.37,0.0000,0
8.733,0.0000,0.0000,1.1996,6.26,0.0000,0
8.848,0.0000,0.0000,1.1997,6.86,0.0000,0
8.959,0.0000,0.0000,1.1997,7.41,0.0000,0
9.071,0.0000,0.0000,1.1997,7.70,0.0000,0
9.186,0.0000,0.0000,1.1998,7.41,0.0000,0
9.298,0.0000,0.0000,1.1998,7.63,0.0000,0
9.412,0.0000,0.0000,1.1998,7.92,0.0000,0
9.524,0.0000,0.0000,1.1998,8.38,0.0000,0
9.640,0.0000,0.0000,1.1998,8.73,0.0000,0
9.754,0.0000,0.0000,1.1999,8.47,0.0000,0
9.866,0.0000,0.0000,1.1999,8.55,0.0000,0
9.977,0.0000,0.0000,1.1999,8.82,0.0000,0
10.090,0.0000,0.0000,1.1999,8.64,0.0000,0
10.202,0.0000,0.0000,1.1999,8.49,0.0000,0
10.314,0.0000,0.0000,1.1999,8.32,0.0000,0
10.423,0.0000,0.0000,1.1999,8.03,0.0000,0
10.535,0.0000,0.0000,1.1999,8.03,0.0000,0
10.650,0.0000,0.0000,1.1999,6.98,0.0000,0
10.764,0.0000,0.0000,1.2000,5.31,0.0000,0
10.874,0.0000,0.0000,1.2000,4.37,0.0000,0
10.985,0.0000,0.0000,1.2000,3.57,0.0000,0
11.093,0.0000,0.0000,1.2000,3.30,0.0000,0
11.208,0.0000,0.0000,1.2000,3.30,0.0000,0
11.320,0.0000,0.0000,1.2000,2.96,0.0000,0
11.436,0.0000,0.0000,1.2000,2.55,0.0000,0
11.549,0.0000,0.0000,1.2000,2.05,0.0000,0
11.658,0.0000,0.0000,1.2000,1.41,0.0000,0
11.775,0.0000,0.0000,1.2000,0.86,0.0000,0
11.875,0.0000,0.0000,1.2000,0.38,0.0000,0
11.976,0.0000,0.0000,1.2000,0.11,0.0000,0
12.092,0.0000,0.0000,1.2000,0.00,0.0000,0
12.208,0.0000,0.0000,1.2000,0.00,0.0000,0
12.326,0.0000,0.0000,1.2000,0.00,0.0000,0
12.441,0.0000,0.0000,1.2000,0.00,0.0000,0
12.543,0.0000,0.0000,1.2000,0.00,0.0000,0
12.660,0.0000,0.0000,1.2000,0.00,0.0000,0
12.772,0.0000,0.0000,1.2000,0.00,0.0000,0
12.889,0.0000,0.0000,1.2000,0.00,0.0000,0
12.991,0.0000,0.0000,1.2000,0.00,0.0000,0
13.105,0.0000,0.0000,1.2000,0.00,0.0000,0
13.218,0.0000,0.0000,1.2000,0.00,0.0000,0
13.329,0.0000,0.0000,1.2000,0.00,0.0000,0
13.440,0.0000,0.0000,1.2000,0.00,0.0000,0
13.549,0.0000,0.0000,1.2000,0.00,0.0000,0
13.651,0.0000,0.0000,1.2000,0.00,0.0000,0
13.761,0.0000,0.0000,1.2000,0.00,0.0000,0
13.868,0.0000,0.0000,1.2000,0.00,0.0000,0
13.976,0.0000,0.0000,1.2000,0.00,0.0000,0
14.078,0.0000,0.0000,1.2000,0.00,0.0000,0
14.183,0.0000,0.0000,1.2000,0.00,0.0000,0
14.289,0.0000,0.0000,1.2000,0.11,0.0000,0
14.398,0.0000,0.0000,1.2000,0.11,0.0000,0
14.502,0.0000,0.0000,1.2000,0.11,0.0000,0
14.609,0.0000,0.0000,1.2000,0.11,0.0000,0
14.716,0.0000,0.0000,1.2000,0.11,0.0000,0
14.822,0.0078,0.0094,1.2000,0.11,0.0000,1
14.929,0.0183,0.0220,1.2000,0.11,0.0000,1
15.030,0.0286,0.0343,1.2000,0.11,0.0000,1
15.139,0.0395,0.0474,1.2000,0.11,0.0000,1
15.245,0.0500,0.0600,1.2000,0.20,0.0000,1
15.349,0.0602,0.0723,1.2000,0.60,0.0000,1
15.451,0.0707,0.0848,1.2000,0.59,0.0000,1
15.557,0.0813,0.0976,1.2000,0.59,0.0000,1
15.666,0.0922,0.1106,1.2000,0.60,0.0000,1
15.768,0.1022,0.1226,1.2000,0.69,0.0000,1
15.876,0.1130,0.1356,1.2000,0.69,0.0000,1
15.983,0.1236,0.1483,1.2000,0.79,0.0000,1
16.090,0.1345,0.1614,1.2000,0.79,0.0000,1
16.196,0.1451,0.1741,1.2000,0.79,0.0000,1
16.298,0.1554,0.1865,1.2000,0.68,0.0000,1
16.404,0.1659,0.1991,1.2000,0.68,0.0000,1
16.505,0.1760,0.2112,1.2000,0.68,0.0000,1
16.612,0.1863,0.2236,1.2000,0.68,0.0000,1
16.723,0.1979,0.2375,1.2000,0.68,0.0000,1
16.835,0.2092,0.2510,1.2000,0.67,0.0000,1
16.947,0.2203,0.2643,1.2000,0.67,0.0000,1
17.058,0.2315,0.2777,1.2000,0.67,0.0000,1
17.169,0.2426,0.2911,1.2000,0.67,0.0000,1
17.281,0.2537,0.3044,1.2000,0.39,0.0000,1
17.392,0.2649,0.3179,1.2000,0.19,0.0000,1
17.504,0.2760,0.3312,1.2000,0.19,0.0000,1
17.616,0.2871,0.3446,1.2000,0.19,0.0000,1
17.727,0.2983,0.3580,1.2000,0.10,0.0000,1
17.839,0.3095,0.3714,1.2000,0.10,0.0000,1
17.950,0.3206,0.3848,1.2000,0.00,0.0000,1
18.062,0.3318,0.3981,1.2000,0.00,0.0000,1
18.173,0.3430,0.4115,1.2000,0.00,0.0000,1
18.285,0.3540,0.4249,1.2000,0.09,0.0000,1
18.396,0.3652,0.4382,1.2000,2.50,0.0000,1
18.507,0.3763,0.4516,1.2000,9.63,0.0000,1
18.618,0.3875,0.4650,1.2000,18.53,0.0000,1
18.731,0.3986,0.4784,1.2000,27.18,0.0000,1
18.838,0.4094,0.4913,1.2000,30.22,0.0036,1
18.940,0.4196,0.5032,1.1994,32.88,0.0480,1
19.046,0.4301,0.5138,1.1948,43.93,0.2322,1
19.147,0.4403,0.5203,1.1819,57.92,0.4654,1
19.259,0.4515,0.5235,1.1593,72.15,0.7026,1
19.369,0.4626,0.5222,1.1289,87.18,0.9530,1
19.470,0.4727,0.5189,1.0977,95.50,1.0000,1
19.583,0.4839,0.5156,1.0656,98.22,1.0000,1
19.689,0.4946,0.5137,1.0386,102.16,1.0000,1
19.800,0.5029,0.5097,1.0134,109.63,1.0000,1
19.911,0.5085,0.5038,0.9908,116.89,1.0000,1
20.023,0.5141,0.4989,0.9704,118.92,1.0000,1
20.136,0.5197,0.4949,0.9523,120.85,1.0000,1
20.246,0.5252,0.4917,0.9363,127.20,1.0000,1
20.360,0.5309,0.4893,0.9216,133.83,1.0000,1
20.475,0.5366,0.4875,0.9085,135.40,1.0000,1
20.578,0.5417,0.4864,0.8978,131.63,1.0000,1
20.691,0.5474,0.4856,0.8871,126.55,1.0000,1
20.794,0.5526,0.4854,0.8785,122.52,1.0000,1
20.894,0.5576,0.4857,0.8710,121.56,1.0000,1
21.008,0.5632,0.4863,0.8634,115.80,1.0000,1
21.119,0.5689,0.4873,0.8566,108.81,1.0000,1
21.222,0.5740,0.4885,0.8510,106.63,1.0000,1
21.333,0.5795,0.4901,0.8456,105.66,1.0000,1
21.444,0.5851,0.4919,0.8408,103.59,1.0000,1
21.552,0.5904,0.4940,0.8367,106.69,1.0000,1
21.656,0.5956,0.4962,0.8330,109.39,1.0000,1
21.759,0.6009,0.4986,0.8297,110.95,1.0000,1
21.863,0.6061,0.5011,0.8267,109.25,1.0000,1
21.968,0.6113,0.5038,0.8241,109.17,1.0000,1
22.071,0.6164,0.5065,0.8217,117.75,1.0000,1
22.182,0.6220,0.5097,0.8194,132.60,1.0000,1
22.294,0.6276,0.5129,0.8173,141.14,1.0000,1
22.404,0.6331,0.5163,0.8155,145.84,1.0000,1
22.507,0.6382,0.5195,0.8140,150.00,1.0000,1
22.613,0.6431,0.5226,0.8127,149.11,1.0000,1
22.726,0.6492,0.5266,0.8112,150.89,1.0000,1
22.835,0.6547,0.5303,0.8100,160.27,1.0000,1
22.947,0.6603,0.5341,0.8090,173.71,1.0000,1
23.060,0.6659,0.5381,0.8080,186.02,1.0000,1
23.170,0.6714,0.5420,0.8072,188.99,1.0000,1
23.283,0.6770,0.5459,0.8064,185.96,1.0000,1
23.391,0.6825,0.5499,0.8057,179.30,1.0000,1
23.495,0.6876,0.5537,0.8052,175.34,1.0000,1
23.597,0.6928,0.5574,0.8047,175.18,1.0000,1
23.700,0.6979,0.5612,0.8042,171.30,1.0000,1
23.800,0.7029,0.5650,0.8038,169.83,1.0000,1
23.909,0.7082,0.5690,0.8034,172.47,1.0000,1
24.019,0.7137,0.5731,0.8031,173.03,1.0000,1
24.132,0.7194,0.5775,0.8027,157.99,1.0000,1
24.241,0.7248,0.5816,0.8024,143.92,1.0000,1
24.353,0.7304,0.5859,0.8022,134.12,1.0000,1
24.465,0.7360,0.5902,0.8020,126.73,1.0000,1
24.580,0.7417,0.5947,0.8017,126.95,1.0000,1
24.695,0.7475,0.5991,0.8016,127.06,1.0000,1
24.797,0.7526,0.6031,0.8014,124.70,1.0000,1
24.912,0.7584,0.6077,0.8012,115.63,1.0000,1
25.022,0.7639,0.6120,0.8011,104.81,1.0000,1
25.129,0.7693,0.6162,0.8010,97.44,1.0000,1
25.235,0.7746,0.6204,0.8009,96.75,1.0000,1
25.342,0.7799,0.6245,0.8008,99.73,1.0000,1
25.455,0.7856,0.6291,0.8007,111.76,1.0000,1
25.566,0.7912,0.6334,0.8006,122.13,1.0000,1
25.678,0.7967,0.6378,0.8006,135.66,1.0000,1
25.791,0.8025,0.6424,0.8005,135.50,1.0000,1
25.900,0.8078,0.6466,0.8005,131.86,1.0000,1
26.011,0.8134,0.6511,0.8004,130.90,1.0000,1
26.123,0.8190,0.6555,0.8004,133.43,1.0000,1
26.233,0.8246,0.6599,0.8003,132.67,1.0000,1
26.344,0.8301,0.6643,0.8003,134.35,1.0000,1
26.456,0.8357,0.6688,0.8003,137.64,1.0000,1
26.567,0.8413,0.6732,0.8002,140.22,1.0000,1
26.679,0.8468,0.6777,0.8002,143.95,1.0000,1
26.792,0.8525,0.6822,0.8002,142.50,1.0000,1
26.902,0.8580,0.6865,0.8002,140.17,1.0000,1
27.014,0.8635,0.6909,0.8001,136.12,1.0000,1
27.125,0.8691,0.6954,0.8001,129.82,1.0000,1
27.237,0.8747,0.6999,0.8001,120.82,1.0000,1
27.349,0.8803,0.7044,0.8001,117.03,1.0000,1
27.459,0.8858,0.7087,0.8001,113.52,1.0000,1
27.571,0.8914,0.7132,0.8001,110.97,1.0000,1
27.674,0.8966,0.7173,0.8001,103.82,1.0000,1
27.779,0.9018,0.7215,0.8001,100.28,1.0000,1
27.891,0.9074,0.7260,0.8001,105.33,1.0000,1
28.002,0.9130,0.7304,0.8001,114.25,1.0000,1
28.114,0.9186,0.7349,0.8000,122.85,1.0000,1
28.225,0.9242,0.7394,0.8000,132.82,1.0000,1
28.338,0.9297,0.7438,0.8000,136.44,1.0000,1
28.438,0.9347,0.7478,0.8000,134.78,1.0000,1
28.540,0.9399,0.7519,0.8000,131.16,1.0000,1
28.642,0.9450,0.7560,0.8000,128.67,1.0000,1
28.746,0.9501,0.7601,0.8000,127.89,1.0000,1
28.850,0.9554,0.7643,0.8000,128.74,1.0000,1
28.964,0.9611,0.7689,0.8000,129.66,1.0000,1
29.077,0.9667,0.7734,0.8000,131.36,1.0000,1
29.179,0.9718,0.7775,0.8000,133.39,1.0000,1
29.292,0.9775,0.7820,0.8000,136.62,1.0000,1
29.398,0.9827,0.7862,0.8000,136.12,1.0000,1
29.504,0.9881,0.7905,0.8000,131.01,1.0000,1
29.609,0.9933,0.7946,0.8000,125.07,1.0000,1
29.714,0.9986,0.7989,0.8000,129.11,1.0000,1
29.826,1.0000,0.8000,0.8000,138.23,1.0000,1
29.938,1.0000,0.8000,0.8000,142.49,1.0000,1
30.049,1.0000,0.8000,0.8000,142.40,1.0000,1
30.159,1.0000,0.8000,0.8000,141.02,1.0000,1
30.261,1.0000,0.8000,0.8000,140.14,1.0000,1
30.368,1.0000,0.8000,0.8000,136.07,1.0000,1
30.479,1.0000,0.8000,0.8000,135.27,1.0000,1
30.591,1.0000,0.8000,0.8000,137.66,1.0000,1
30.702,1.0000,0.8000,0.8000,135.77,1.0000,1
30.815,1.0000,0.8000,0.8000,134.28,1.0000,1
30.926,1.0000,0.8000,0.8000,138.78,1.0000,1
31.035,1.0000,0.8000,0.8000,146.36,1.0000,1
31.145,1.0000,0.8000,0.8000,153.14,1.0000,1
31.246,1.0000,0.8000,0.8000,152.33,1.0000,1
31.359,1.0000,0.8000,0.8000,148.60,1.0000,1
31.470,1.0000,0.8000,0.8000,146.10,1.0000,1
31.581,1.0000,0.8000,0.8000,151.29,1.0000,1
31.693,1.0000,0.8000,0.8000,161.08,1.0000,1
31.803,1.0000,0.8000,0.8000,163.24,1.0000,1
31.908,1.0000,0.8000,0.8000,160.72,1.0000,1
32.008,1.0000,0.8000,0.8000,153.46,1.0000,1
32.112,1.0000,0.8000,0.8000,148.28,1.0000,1
32.216,1.0000,0.8000,0.8000,140.67,1.0000,1
32.316,1.0000,0.8000,0.8000,137.61,1.0000,1
32.417,1.0000,0.8000,0.8000,140.23,1.0000,1
32.531,1.0000,0.8000,0.8000,141.75,1.0000,1
32.640,1.0000,0.8000,0.8000,140.69,1.0000,1
32.747,1.0000,0.8000,0.8000,144.32,1.0000,1
32.851,1.0000,0.8000,0.8000,142.94,1.0000,1
32.956,1.0000,0.8000,0.8000,136.47,1.0000,1
33.060,1.0000,0.8000,0.8000,132.59,1.0000,1
33.168,1.0000,0.8000,0.8000,132.43,1.0000,1
33.269,1.0000,0.8000,0.8000,140.90,1.0000,1
33.377,1.0000,0.8000,0.8000,150.68,1.0000,1
33.489,1.0000,0.8000,0.8000,159.33,1.0000,1
33.599,1.0000,0.8000,0.8000,161.09,1.0000,1
33.710,1.0000,0.8000,0.8000,154.84,1.0000,1
33.821,1.0000,0.8000,0.8000,144.13,1.0000,1
33.932,1.0000,0.8000,0.8000,135.12,1.0000,1
34.043,1.0000,0.8000,0.8000,138.09,1.0000,1
34.156,1.0000,0.8000,0.8000,147.44,1.0000,1
34.268,1.0000,0.8000,0.8000,162.12,1.0000,1
34.380,1.0000,0.8000,0.8000,169.98,1.0000,1
34.490,1.0000,0.8000,0.8000,171.63,1.0000,1
34.604,1.0000,0.8000,0.8000,171.16,1.0000,1
34.706,1.0000,0.8000,0.8000,172.96,1.0000,1
34.808,1.0000,0.8000,0.8000,175.08,1.0000,1
34.909,1.0000,0.8000,0.8000,175.47,1.0000,1
35.012,1.0000,0.8000,0.8000,174.09,1.0000,1
35.115,1.0000,0.8000,0.8000,168.83,1.0000,1
35.219,1.0000,0.8000,0.8000,163.91,1.0000,1
35.324,1.0000,0.8000,0.8000,154.39,1.0000,1
35.428,1.0000,0.8000,0.8000,147.89,1.0000,1
35.541,1.0000,0.8000,0.8000,139.93,1.0000,1
35.644,1.0000,0.8000,0.8000,133.22,1.0000,1
35.746,1.0000,0.8000,0.8000,135.33,1.0000,1
35.855,1.0000,0.8000,0.8000,143.43,1.0000,1
35.965,1.0000,0.8000,0.8000,155.57,1.0000,1
36.078,1.0000,0.8000,0.8000,158.73,1.0000,1
36.195,1.0000,0.8000,0.8000,157.91,1.0000,1
36.306,1.0000,0.8000,0.8000,144.98,1.0000,1
36.410,1.0000,0.8000,0.8000,136.53,1.0000,1
36.522,1.0000,0.8000,0.8000,143.14,1.0000,1
36.635,1.0000,0.8000,0.8000,152.11,1.0000,1
36.747,1.0000,0.8000,0.8000,160.97,1.0000,1
36.857,1.0000,0.8000,0.8000,166.63,1.0000,1
36.961,1.0000,0.8000,0.8000,169.93,1.0000,1
37.064,1.0000,0.8000,0.8000,171.33,1.0000,1
37.180,1.0000,0.8000,0.8000,171.53,1.0000,1
37.283,1.0000,0.8000,0.8000,173.25,1.0000,1
37.385,1.0000,0.8000,0.8000,177.14,1.0000,1
37.498,1.0000,0.8000,0.8000,182.38,1.0000,1
37.610,1.0000,0.8000,0.8000,183.31,1.0000,1
37.721,1.0000,0.8000,0.8000,178.93,1.0000,1
37.833,1.0000,0.8000,0.8000,177.48,1.0000,1
37.945,1.0000,0.8000,0.8000,169.82,1.0000,1
38.056,1.0000,0.8000,0.8000,157.95,1.0000,1
38.167,1.0000,0.8000,0.8000,142.92,1.0000,1
38.277,1.0000,0.8000,0.8000,144.40,1.0000,1
38.389,1.0000,0.8000,0.8000,146.18,1.0000,1
38.499,1.0000,0.8000,0.8000,138.29,1.0000,1
38.613,1.0000,0.8000,0.8000,122.47,1.0000,1
38.714,1.0000,0.8000,0.8000,110.48,1.0000,1
38.819,1.0000,0.8000,0.8000,98.03,1.0000,1
38.933,1.0000,0.8000,0.8000,90.15,1.0000,1
39.040,1.0000,0.8011,0.8011,87.18,0.9530,1
39.152,1.0000,0.8030,0.8030,86.14,0.9357,1
39.263,1.0000,0.8068,0.8068,81.63,0.8605,1
39.363,1.0000,0.8131,0.8131,74.04,0.7340,1
39.478,1.0000,0.8265,0.8265,63.04,0.5506,1
39.582,1.0000,0.8426,0.8426,56.70,0.4449,1
39.688,1.0000,0.8626,0.8626,54.25,0.4042,1
39.792,1.0000,0.8813,0.8813,48.76,0.3126,1
39.904,1.0000,0.9052,0.9052,38.69,0.1448,1
40.012,1.0000,0.9320,0.9320,32.63,0.0439,1
40.127,1.0000,0.9606,0.9606,30.28,0.0047,1
